country_scope,flow_case,tab,section,fieldname,label,fieldtype,options,depends_on,reqd,read_only,in_list_view,implementation_status,notes
SHARED,ALL,Details,Application Information,student,Student,Link,Student,,1,0,1,LIVE,
SHARED,ALL,Details,Application Information,student_email,Student Email,Text,,,0,0,1,LIVE,
SHARED,ALL,Details,Application Information,student_contact_no,Student Contact No,Phone,,,0,0,0,LIVE,
SHARED,ALL,Details,Application Information,agent,Agent,Link,User,eval:doc.application_type == 'B2B' || doc.application_type == 'B2C',0,1,1,LIVE,
SHARED,ALL,Details,Application Information,destination_country,Destination Country,Link,Country,,1,0,1,LIVE,
SHARED,ALL,Details,Application Information,assigned_team,Assigned Team,Link,Team,,0,1,0,LIVE,
SHARED,ALL,Details,Application Information,assigned_executive,Assigned Executive,Link,User,,0,0,0,LIVE,
SHARED,ALL,Details,Application Information,application_type,Application Type,Select,B2B,,1,1,1,LIVE,
SHARED,ALL,Details,Application Information,status,Status,Select,Pending | Processing | Offer Letter Received | Financial | GS Processing | GS Approved | Acceptance | COE | File Lodged | Visa | Enrollment | On Shore College change | Visa Refused | Closed,,1,0,1,LIVE,
SHARED,ALL,Details,Application Information,higher_education,Qualification,Select, | 12th pass | Bachelors | Diploma | Masters | Certification | Others | Graduation,,0,0,0,LIVE,
SHARED,ALL,Details,Application Information,preferred_university,Preferred University,Link,University,,0,0,1,LIVE,
SHARED,ALL,Details,Application Information,intake,Intake,Select, | January | February | March | April | May | June | July | August | September | October | November | December,,1,0,0,LIVE,
SHARED,ALL,Details,Application Information,naming_series,Series,Select,APP-.YYYY.-,,0,0,0,LIVE,
SHARED,ALL,Details,Application Information,dob,DOB,Date,,,1,0,0,LIVE,
SHARED,ALL,Details,Application Information,martial_status,Martial Status,Select, | Married | Single,,0,0,0,LIVE,
SHARED,ALL,Details,Application Information,current_age,Age (as of now),Int,,,0,1,0,LIVE,
SHARED,ALL,Details,Application Information,any_visa_refused,Refused from Aus/NZ,Check,,,0,0,0,LIVE,
SHARED,ALL,Details,Application Information,visa_refused_not_able_to_process,Status,Text,,eval:doc.any_visa_refused == 1,0,1,0,LIVE,
SHARED,ALL,Details,Application Information,visa_refused_ok,Status,Text,,eval:doc.any_visa_refused == 0,0,1,0,LIVE,
SHARED,ALL,Details,Application Information,study_gap,Study Gap,Check,,,0,0,0,LIVE,
SHARED,ALL,Details,Application Information,study_gap_proof,Study Gap Proof,Table,student documents,eval:doc.study_gap == 1,0,0,0,LIVE,
SHARED,ALL,Details,Application Information,study_gap_ok,Status,Text,,eval:doc.study_gap == 0,0,1,0,LIVE,
SHARED,ALL,Details,section_break_dkel,preferred_courses,Preferred Course,Table,Application Course,,0,0,0,LIVE,
AU,AU Case 4 Spouse,Details,Case 4: Spouse Details,case_4_spouse_qualification,Spouse qualification,Select, | Graduate or above Graduation | Below Graduate,eval:doc.higher_education == 'Graduation' && doc.martial_status == 'Married',0,0,0,LIVE,
AU,AU Case 4 Spouse,Details,Case 4: Spouse Details,case_4_marriage_duration,Marriage Duration,Select, | 1 year or above | Below 1 year,eval:doc.case_4_spouse_qualification == 'Graduate or above Graduation' && doc.higher_education == 'Graduation' && doc.martial_status == 'Married',0,0,0,LIVE,
AU,AU Case 4 Spouse,Details,Case 4: Spouse Details,case_4_proceed_below_graduate,Student wants to proceed (Below Graduate),Select, | on single basis | Don’t want to procced,eval:doc.case_4_spouse_qualification == 'Below Graduate' && doc.higher_education == 'Graduation' && doc.martial_status == 'Married',0,0,0,LIVE,
AU,AU Case 4 Spouse,Details,Case 4: Spouse Details,case_4_proceed_below_1_year,Student wants to proceed (Below 1 year),Select, | on single basis | wait to complete one year,eval:doc.case_4_marriage_duration == 'Below 1 year' && doc.case_4_spouse_qualification == 'Graduate or above Graduation' && doc.higher_education == 'Graduation' && doc.martial_status == 'Married',0,0,0,LIVE,
AU,AU Case 4 Spouse,Details,Case 4: Spouse Details,case_4_proceed_above_1_year,Student wants to proceed (1 year or above),Select, | On single basis | with Spouse,eval:doc.case_4_marriage_duration == '1 year or above' && doc.case_4_spouse_qualification == 'Graduate or above Graduation' && doc.higher_education == 'Graduation' && doc.martial_status == 'Married',0,0,0,LIVE,
AU,AU Case 4 Spouse,Details,Case 4: Spouse Details,case_4_note_wait,Instruction,Data,,eval:doc.case_4_proceed_below_1_year == 'wait to complete one year' && doc.higher_education == 'Graduation' && doc.martial_status == 'Married',0,1,0,LIVE,
AU,AU Case 4 Spouse,Details,Case 4: Spouse Details,case_4_note_convince,Instruction,Data,,eval:doc.case_4_proceed_below_graduate == 'Don’t want to procced' && doc.higher_education == 'Graduation' && doc.martial_status == 'Married',0,1,0,LIVE,
AU,AU Case 4 Spouse,Details,Case 4: Spouse Details,case_4_close_reason,Close Case Reason,Small Text,,eval:doc.case_4_proceed_below_graduate == 'Don’t want to procced' && doc.higher_education == 'Graduation' && doc.martial_status == 'Married',0,0,0,LIVE,
AU,AU Default,Processing,A. Our Email Id,is_package_case,Package Case,Check,,,0,0,0,LIVE,
AU,AU Default,Processing,A. Our Email Id,data_swym,Our Email Id,Text,,,0,0,0,LIVE,
AU,AU Default,Processing,A. Our Email Id,recovery_email_id,Recovery Email Id,Text,,,0,0,0,LIVE,
AU,AU Default,Processing,A. Our Email Id,password,Password,Password,,,0,0,0,LIVE,
AU,AU Default,Processing,A. Our Email Id,login_contact_no,Login Contact No,Phone,,,0,0,0,LIVE,
AU,AU Default,Processing,B. Documents 10th to 12th to Diploma,twelfth_admit_card_uploaded,12th Admit Card Uploaded,Check,,eval:doc.higher_education == '12th pass',0,0,0,LIVE,
AU,AU Default,Processing,B. Documents 10th to 12th to Diploma,documents_10th_to_12th,Documents (10th to 12th)/Graduation,Table,Application Documents 10th To 12th,eval:doc.higher_education == '12th pass',0,0,0,LIVE,
AU,AU Default,Processing,B. Documents 10th to 12th to Diploma,documents_verified,Documents Verified,Check,,eval:doc.higher_education == '12th pass',0,0,0,LIVE,
AU,AU Default,Processing,B. Documents 10th to 12th to Diploma,documents_verified_pdf,Upload in Single PDF,Table,student documents,eval:doc.documents_verified == 1 && doc.higher_education == '12th pass',0,0,0,LIVE,
AU,AU Default,Processing,B. Documents 10th to 12th to Diploma,documents_not_accepted_alert,Status,Text,,eval:doc.documents_verified == 0 && doc.higher_education == '12th pass',0,1,0,LIVE,
AU,AU Default,Processing,B. Documents 10th to 12th to Diploma,graduation_verification_documents,B. Graduation Verification,Table,Graduation Verification,eval:doc.higher_education == 'Graduation',0,0,0,LIVE,
AU,AU Default,Processing,B. Documents 10th to 12th to Diploma,school_digi_locker_id,10th and 12th Digi Locker ID,Data,,eval:doc.higher_education == 'Graduation',0,0,0,LIVE,
AU,AU Default,Processing,B. Documents 10th to 12th to Diploma,school_digi_locker_password,Digi Locker Password,Password,,eval:doc.higher_education == 'Graduation',0,0,0,LIVE,
AU,AU Default,Processing,B. Documents 10th to 12th to Diploma,school_docs_verified,10th/12th Documents Verified,Select, | Yes | No,eval:doc.higher_education == 'Graduation',0,0,0,LIVE,
AU,AU Default,Processing,B. Documents 10th to 12th to Diploma,school_docs_pdf,Upload 10th/12th PDF,Attach,,eval:doc.school_docs_verified == 'Yes',0,0,0,LIVE,
AU,AU Default,Processing,B. Documents 10th to 12th to Diploma,school_docs_status,Status,Data,,eval:doc.school_docs_verified == 'No',0,1,0,LIVE,
AU,AU Default,Processing,Spouse Details,spouse_details_list,E. Spouse details,Table,Spouse Details,eval:doc.martial_status == 'Married' && doc.case_4_proceed_above_1_year == 'with Spouse',0,0,0,LIVE,
AU,AU Default,Processing,C. English Proficiency Test,english_test_details,English Tests,Table,Application English Test,,0,0,0,LIVE,
AU,AU Default,Processing,D. Study Gap Proof,study_gap_proof_list,Study Gap Proof List,Table,Study Gap Proof,,0,0,0,LIVE,
AU,AU Default,Processing,E. Passport,passport_uploaded,Passport Uploaded,Check,,,0,0,0,LIVE,
AU,AU Default,Processing,E. Passport,passport_documents,Passport Documents,Table,student documents,eval:doc.passport_uploaded == 1,0,0,0,LIVE,
AU,AU Default,Processing,F. Processing Agent,processing_agent_details,Processing Agent,Table,Processing Agent Details,,0,0,0,LIVE,
AU,AU Default,Processing,F. Applications,application_filled_by,Application Filled By,Select, | Application filled by us | Filled on portal | Filled by Vendor,,0,0,0,LIVE,
AU,AU Default,Processing,F. Applications,application_form_1_upload,Application Form 1 Upload,Attach,,eval:doc.application_filled_by == 'Application filled by us',0,0,0,LIVE,
AU,AU Default,Processing,F. Applications,application_form_2_upload,Application Form 2 Upload,Attach,,eval:doc.application_filled_by == 'Application filled by us',0,0,0,LIVE,
AU,AU Default,Processing,F. Applications,application_form_3_upload,Application Form 3 Upload,Attach,,eval:doc.application_filled_by == 'Application filled by us',0,0,0,LIVE,
AU,AU Default,Processing,F. Applications,application_form_4_upload,Application Form 4 Upload,Attach,,eval:doc.application_filled_by == 'Application filled by us',0,0,0,LIVE,
AU,AU Default,Processing,F. Applications,sop_upload,SOP Upload,Attach,,eval:doc.application_filled_by == 'Application filled by us',0,0,0,LIVE,
AU,AU Default,Processing,F. Applications,sop_portal_or_vendor_upload,SOP Upload,Attach,,eval:doc.application_filled_by == 'Filled on portal' || doc.application_filled_by == 'Filled by Vendor',0,0,0,LIVE,
AU,AU Default,Processing,F. Applications,documents_passport_application_form_sop,Documents ,Table,student documents,,0,0,0,LIVE,
AU,AU Default,Submitted,,submitted_date,Submitted Date,Date,,,0,0,0,LIVE,
AU,AU Default,Submitted,,any_further_requirement_offer_letter,Any Further Requirement for offer letter?,Check,,,0,0,0,LIVE,
AU,AU Default,Submitted,,no_further_requirement_note,Note,Text,,eval:!doc.any_further_requirement_offer_letter,0,1,0,LIVE,
AU,AU Default,Submitted,,pending_requirement_details,Pending Requirement Details,Text,,eval:doc.any_further_requirement_offer_letter == 1,0,0,0,LIVE,
AU,AU Default,Submitted,,pending_requirements_completed,Pending requirements Completed?,Select, | Yes | No,eval:doc.any_further_requirement_offer_letter == 1,0,0,0,LIVE,
AU,AU Default,Submitted,,pending_requirements_reminder_note,Note,Text,,eval:doc.any_further_requirement_offer_letter == 1 && doc.pending_requirements_completed == 'No',0,1,0,LIVE,
AU,AU Default,Submitted,,supporting_documents,Supporting Documents,Table,student documents,eval:doc.any_further_requirement_offer_letter == 1 && doc.pending_requirements_completed == 'Yes',0,0,0,LIVE,
AU,AU Default,Offer Letter,Offer Letter,offer_currency,Currency,Select,AUD | CAD | NZD | USD | INR,,0,0,0,LIVE,
AU,AU Default,Offer Letter,Offer Letter,university_name,University Name,Link,University,,0,0,0,LIVE,
AU,AU Default,Offer Letter,Offer Letter,course_name,Course Name,Link,Course,,0,0,0,LIVE,
AU,AU Default,Offer Letter,Offer Letter,university_intake,Intake,Date,,,0,0,0,LIVE,
AU,AU Default,Offer Letter,Offer Letter,full_year_tuition_fee,Full Year Tuition Fee,Currency,offer_currency,,0,0,0,LIVE,
AU,AU Default,Offer Letter,Offer Letter,scholarship,Scholarship,Currency,offer_currency,,0,0,0,LIVE,
AU,AU Default,Offer Letter,Offer Letter,payable_fee,Payable Fee,Currency,offer_currency,,0,0,0,LIVE,
AU,AU Default,Offer Letter,Offer Letter,oshc_offer,OSHC,Currency,offer_currency,,0,0,0,LIVE,
AU,AU Default,Offer Letter,Offer Letter,living_expenses,Living Expenses,Currency,offer_currency,,0,0,0,LIVE,
AU,AU Default,Offer Letter,Offer Letter,travel_expenses,Travel Expenses,Currency,offer_currency,,0,0,0,LIVE,
AU,AU Default,Offer Letter,Offer Letter,living_expenses_spouse,Living Expense Spouse,Currency,offer_currency,eval:doc.martial_status == 'Married' && doc.case_4_proceed_above_1_year == 'with Spouse',0,0,0,LIVE,
AU,AU Default,Offer Letter,Offer Letter,travel_expenses_spouse,Travel Expense Spouse,Currency,offer_currency,eval:doc.martial_status == 'Married' && doc.case_4_proceed_above_1_year == 'with Spouse',0,0,0,LIVE,
AU,AU Default,Offer Letter,Offer Letter,process_with_kids,Process with Kids,Check,,,0,0,0,LIVE,
AU,AU Default,Offer Letter,Offer Letter,no_of_kids,Number of Kids,Int,,eval:doc.process_with_kids == 1,0,0,0,LIVE,
AU,AU Default,Offer Letter,Offer Letter,living_expenses_kid_unit,Living Expense Kid (Per Kid),Currency,offer_currency,eval:doc.process_with_kids == 1,0,1,0,LIVE,
AU,AU Default,Offer Letter,Offer Letter,travel_expenses_kid_unit,Travel Expense Kid (Per Kid),Currency,offer_currency,eval:doc.process_with_kids == 1,0,1,0,LIVE,
AU,AU Default,Offer Letter,Offer Letter,funds_required_type,Funds Required,Select, | With Full Year fee (single basis) | Without Full Year fee (single basis) | With Full Year fee (With spouse) | Without Full Year fee (With spouse) | With Full Year fee (With spouse and Kid) | Withou,,0,0,0,LIVE,
AU,AU Default,Offer Letter,Offer Letter,funds_required_amount,Funds Required Amount,Currency,offer_currency,,0,1,0,LIVE,
AU,AU Default,Offer Letter,Offer Letter,conditions_on_offer_letter,Conditions on Offer Letter,Table MultiSelect,Application Offer Letter Condition,,0,0,0,LIVE,
AU,AU Default,Offer Letter,Documents,offer_letter_upload,Offer Letter,Table,student documents,,0,0,0,LIVE,
AU,AU Default,Offer Letter,Documents,send_offer_to_chat,Send directly to chat,Check,,,0,0,0,LIVE,
AU,AU Default,Offer Letter,Documents,other_documents_offer,Other Documents,Table,student documents,,0,0,0,LIVE,
AU,AU Default,Offer Letter,Documents,defer_offer_required,Defer Offer Required,Check,,,0,0,0,LIVE,
AU,AU Default,Offer Letter,Documents,defer_offer_ok,Status,Text,,eval:doc.defer_offer_required == 0,0,1,0,LIVE,
AU,AU Default,Offer Letter,Defer Offer Details,defer_offer_currency,Currency,Select,AUD | CAD | NZD | USD | INR,eval:doc.defer_offer_required == 1,0,0,0,LIVE,
AU,AU Default,Offer Letter,Defer Offer Details,defer_university_name,University Name,Link,University,eval:doc.defer_offer_required == 1,0,0,0,LIVE,
AU,AU Default,Offer Letter,Defer Offer Details,defer_course_name,Course Name,Link,Course,eval:doc.defer_offer_required == 1,0,0,0,LIVE,
AU,AU Default,Offer Letter,Defer Offer Details,defer_university_intake,Intake,Date,,eval:doc.defer_offer_required == 1,0,0,0,LIVE,
AU,AU Default,Offer Letter,Defer Offer Details,defer_full_year_tuition_fee,Full Year Tuition Fee,Currency,defer_offer_currency,eval:doc.defer_offer_required == 1,0,0,0,LIVE,
AU,AU Default,Offer Letter,Defer Offer Details,defer_scholarship,Scholarship,Currency,defer_offer_currency,eval:doc.defer_offer_required == 1,0,0,0,LIVE,
AU,AU Default,Offer Letter,Defer Offer Details,defer_payable_fee,Payable Fee,Currency,defer_offer_currency,eval:doc.defer_offer_required == 1,0,0,0,LIVE,
AU,AU Default,Offer Letter,Defer Offer Details,defer_oshc,OSHC,Currency,defer_offer_currency,eval:doc.defer_offer_required == 1,0,0,0,LIVE,
AU,AU Default,Offer Letter,Defer Offer Details,defer_living_expenses,Living Expenses,Currency,defer_offer_currency,eval:doc.defer_offer_required == 1,0,0,0,LIVE,
AU,AU Default,Offer Letter,Defer Offer Details,defer_travel_expenses,Travel Expenses,Currency,defer_offer_currency,eval:doc.defer_offer_required == 1,0,0,0,LIVE,
AU,AU Default,Offer Letter,Defer Offer Details,defer_living_expenses_spouse,Living Expense Spouse,Currency,defer_offer_currency,eval:doc.defer_offer_required == 1 && doc.martial_status == 'Married' && doc.case_4_proceed_above_1_year == 'with Spouse',0,0,0,LIVE,
AU,AU Default,Offer Letter,Defer Offer Details,defer_travel_expenses_spouse,Travel Expense Spouse,Currency,defer_offer_currency,eval:doc.defer_offer_required == 1 && doc.martial_status == 'Married' && doc.case_4_proceed_above_1_year == 'with Spouse',0,0,0,LIVE,
AU,AU Default,Offer Letter,Defer Offer Details,defer_process_with_kids,Process with Kids,Check,,eval:doc.defer_offer_required == 1,0,0,0,LIVE,
AU,AU Default,Offer Letter,Defer Offer Details,defer_no_of_kids,Number of Kids,Int,,eval:doc.defer_offer_required == 1 && doc.defer_process_with_kids == 1,0,0,0,LIVE,
AU,AU Default,Offer Letter,Defer Offer Details,defer_living_expenses_kid_unit,Living Expense Kid (Per Kid),Currency,defer_offer_currency,eval:doc.defer_offer_required == 1 && doc.defer_process_with_kids == 1,0,1,0,LIVE,
AU,AU Default,Offer Letter,Defer Offer Details,defer_travel_expenses_kid_unit,Travel Expense Kid (Per Kid),Currency,defer_offer_currency,eval:doc.defer_offer_required == 1 && doc.defer_process_with_kids == 1,0,1,0,LIVE,
AU,AU Default,Offer Letter,Defer Offer Details,defer_funds_required_type,Funds Required,Select, | With Full Year fee (single basis) | Without Full Year fee (single basis) | With Full Year fee (With spouse) | Without Full Year fee (With spouse) | With Full Year fee (With spouse and Kid) | Withou,eval:doc.defer_offer_required == 1,0,0,0,LIVE,
AU,AU Default,Offer Letter,Defer Offer Details,defer_funds_required_amount,Funds Required Amount,Currency,defer_offer_currency,eval:doc.defer_offer_required == 1,0,1,0,LIVE,
AU,AU Default,Offer Letter,Defer Offer Details,defer_conditions_on_offer_letter,Conditions on Offer Letter,Table MultiSelect,Application Offer Letter Condition,eval:doc.defer_offer_required == 1,0,0,0,LIVE,
AU,AU Default,Offer Letter,Defer Offer Details,asd,asd,Data,,,0,0,0,LIVE,
AU,AU Default,Offer Letter,Documents,defer_offer_letter_upload,Offer Letter,Table,student documents,eval:doc.defer_offer_required == 1,0,0,0,LIVE,
AU,AU Default,Offer Letter,Documents,defer_other_documents,Other Documents,Table,student documents,eval:doc.defer_offer_required == 1,0,0,0,LIVE,
AU,AU Default,Financials,A. GS Submitted,gs_submitted,GS Submitted,Check,,,0,0,0,LIVE,
AU,AU Default,Financials,A. GS Submitted,financial_stage_completed,Status,Text,,eval:doc.gs_submitted == 1,0,1,0,LIVE,
AU,AU Default,Financials,A. GS Submitted,gs_submitted_reminder_date,When will financials be completed?,Date,,eval:doc.gs_submitted == 0,0,0,0,LIVE,
AU,AU Default,Financials,B. Conditions,conditions_note,Note,Text,,eval:!doc.conditions_on_offer_letter || !Array.isArray(doc.conditions_on_offer_letter) || doc.conditions_on_offer_letter.length === 0,0,1,0,LIVE,
AU,AU Default,Financials,Interview Condition,interview_timing,Interview Timing,Select, | Before GS Approval | Before Acceptance | Before COE,eval:doc.conditions_on_offer_letter && Array.isArray(doc.conditions_on_offer_letter) && doc.conditions_on_offer_letter.some(function(r){ return (r.condition || '').indexOf('Interview') !== -1; }),0,0,0,LIVE,
AU,AU Default,Financials,Interview Condition,interview_deadline_date,Interview Deadline Date,Date,,eval:doc.conditions_on_offer_letter && Array.isArray(doc.conditions_on_offer_letter) && doc.conditions_on_offer_letter.some(function(r){ return (r.condition || '').indexOf('Interview') !== -1; }) && doc.interview_timing == 'Before GS Approval',0,0,0,LIVE,
AU,AU Default,Financials,English Requirement,english_requirement_details,Details,Text,,eval:doc.conditions_on_offer_letter && Array.isArray(doc.conditions_on_offer_letter) && doc.conditions_on_offer_letter.some(function(r){ return (r.condition || '').indexOf('English Requirement') !== -1; }),0,0,0,LIVE,
AU,AU Default,Financials,English Requirement,english_requirement_documents,Supporting Documents (Optional),Table,student documents,eval:doc.conditions_on_offer_letter && Array.isArray(doc.conditions_on_offer_letter) && doc.conditions_on_offer_letter.some(function(r){ return (r.condition || '').indexOf('English Requirement') !== -1; }),0,0,0,LIVE,
AU,AU Default,Financials,C. Sponsors,table_ihmq,,Table,Application Sponsor Complete,,0,0,0,LIVE,
AU,AU Default,Financials,Gap Justification,gap_justification_details,Details,Text,,eval:doc.conditions_on_offer_letter && Array.isArray(doc.conditions_on_offer_letter) && doc.conditions_on_offer_letter.some(function(r){ return (r.condition || '').indexOf('Gap Justification') !== -1; }),0,0,0,LIVE,
AU,AU Default,Financials,Gap Justification,gap_justification_documents,Supporting Documents (Optional),Table,student documents,eval:doc.conditions_on_offer_letter && Array.isArray(doc.conditions_on_offer_letter) && doc.conditions_on_offer_letter.some(function(r){ return (r.condition || '').indexOf('Gap Justification') !== -1; }),0,0,0,LIVE,
AU,AU Default,Financials,Verification,verification_type,Verification Type,Select, | Academics | Work Experience,eval:doc.conditions_on_offer_letter && Array.isArray(doc.conditions_on_offer_letter) && doc.conditions_on_offer_letter.some(function(r){ return (r.condition || '').indexOf('Verification') !== -1; }),0,0,0,LIVE,
AU,AU Default,Financials,Section D - Academics,student_academic_verification,Student Academic Verification,Table,Academic Verification,,0,0,0,LIVE,
AU,AU Default,Financials,Spouse Academics Verification,spouse_academic_verification,Spouse Academic Verification,Table,Academic Verification,eval:doc.martial_status == 'Married' && doc.case_4_proceed_above_1_year == 'with Spouse',0,0,0,LIVE,
AU,AU Default,Financials,Funds & Documents Upload,sponsor_1_docs_pdf_upload,Sponsor 1 Documents PDF (AC+PC+ITR+Occupation Proof+Others),Attach,,,0,0,0,LIVE,
AU,AU Default,Financials,Funds & Documents Upload,sponsor_2_docs_pdf_upload,Sponsor 2 Documents PDF (AC+PC+ITR+Occupation Proof+Others),Attach,,,0,0,0,LIVE,
AU,AU Default,Financials,Funds & Documents Upload,sponsor_3_docs_pdf_upload,Sponsor 3 Documents PDF (AC+PC+ITR+Occupation Proof+Others),Attach,,,0,0,0,LIVE,
AU,AU Default,Financials,GS & Affidavits,gs_sop_upload,GS SOP Upload,Attach,,,0,0,0,LIVE,
AU,AU Default,Financials,GS & Affidavits,gs_form_1_upload,GS Form 1 Upload,Attach,,,0,0,0,LIVE,
AU,AU Default,Financials,GS & Affidavits,gs_form_2_upload,GS Form 2 Upload,Attach,,,0,0,0,LIVE,
AU,AU Default,Financials,GS & Affidavits,sponsorship_affidavit_upload,Sponsorship Affidavit Upload,Attach,,,0,0,0,LIVE,
AU,AU Default,Financials,GS & Affidavits,student_affidavit_upload,Student Affidavit Upload,Attach,,,0,0,0,LIVE,
AU,AU Default,GS Processing,GS Processing,interview_stage_available,Interview Before Acceptance (This stage available),Check,,,0,0,0,LIVE,
AU,AU Default,GS Processing,GS Processing,interview_not_available_status,Status,Text,,eval:!doc.interview_stage_available,0,1,0,LIVE,
AU,AU Default,GS Processing,GS Processing,interview_deadline,Interview Deadline,Date,,eval:doc.interview_stage_available,0,0,0,LIVE,
AU,AU Default,GS Processing,GS Processing,student_prepare,Student Prepare,Select, | Yes | No,eval:doc.interview_stage_available,0,0,0,LIVE,
AU,AU Default,GS Processing,GS Processing,student_prepare_yes_status,Status,Text,,eval:doc.interview_stage_available && doc.student_prepare == 'Yes',0,1,0,LIVE,
AU,AU Default,GS Processing,GS Processing,student_prepare_no_status,Status,Text,,eval:doc.interview_stage_available && doc.student_prepare == 'No',0,1,0,LIVE,
AU,AU Default,GS Processing,GS Processing,schedule_interview,Schedule Interview,Select, | Yes | No,eval:doc.interview_stage_available,0,0,0,LIVE,
AU,AU Default,GS Processing,GS Processing,schedule_interview_yes_status,Status,Text,,eval:doc.interview_stage_available && doc.schedule_interview == 'Yes',0,1,0,LIVE,
AU,AU Default,GS Processing,GS Processing,schedule_interview_no_status,Status,Text,,eval:doc.interview_stage_available && doc.schedule_interview == 'No',0,1,0,LIVE,
AU,AU Default,GS Processing,GS Processing,gs_approved_check,GS Approved,Check,,eval:doc.interview_stage_available,0,0,0,LIVE,
AU,AU Default,GS Processing,GS Processing,gs_approved_yes_status,Status,Text,,eval:doc.interview_stage_available && (doc.gs_approved_check),0,1,0,LIVE,
AU,AU Default,GS Processing,GS Processing,gs_any_requirement,Is There Any Requirement,Check,,eval:doc.interview_stage_available && (!doc.gs_approved_check),0,0,0,LIVE,
AU,AU Default,GS Processing,GS Processing,no_requirement_status,Status,Text,,eval:doc.interview_stage_available && (!doc.gs_approved_check && !doc.gs_any_requirement),0,1,0,LIVE,
AU,AU Default,GS Processing,GS Processing,requirement_details,Requirement Details,Text,,eval:doc.interview_stage_available && (!doc.gs_approved_check && doc.gs_any_requirement),0,0,0,LIVE,
AU,AU Default,GS Processing,GS Processing,requirement_document_upload,Upload Required Document,Attach,,eval:doc.interview_stage_available && (!doc.gs_approved_check && doc.gs_any_requirement),0,0,0,LIVE,
AU,AU Default,GS Processing,GS Processing,requirements_completed,Requirements Completed,Check,,eval:doc.interview_stage_available && (!doc.gs_approved_check && doc.gs_any_requirement),0,0,0,LIVE,
AU,AU Default,GS Processing,GS Processing,requirements_completed_yes_status,Status,Text,,eval:doc.interview_stage_available && (!doc.gs_approved_check && doc.gs_any_requirement && doc.requirements_completed),0,1,0,LIVE,
AU,AU Default,GS Processing,GS Processing,requirements_completed_no_status,Status,Text,,eval:doc.interview_stage_available && (!doc.gs_approved_check && doc.gs_any_requirement && !doc.requirements_completed),0,1,0,LIVE,
AU,AU Default,GS Processing,GS Processing,all_documents,All Documents,Table,student documents,,0,0,0,LIVE,
AU,AU Default,GS Approved,GS Approved,tuition_fee_paid,Tuition Fee Paid,Check,,,0,0,0,LIVE,
AU,AU Default,GS Approved,GS Approved,tuition_fee_paid_status,Status,Text,,eval:doc.tuition_fee_paid,0,1,0,LIVE,
AU,AU Default,GS Approved,GS Approved,tuition_fee_not_paid_status,Status,Text,,eval:!doc.tuition_fee_paid,0,1,0,LIVE,
AU,AU Default,GS Approved,GS Approved,tuition_fee_upload,Tuition Fee Upload,Attach,,eval:doc.tuition_fee_paid,0,0,0,LIVE,
AU,AU Default,GS Approved,GS Approved,oshc_required,OSHC Required,Check,,,0,0,0,LIVE,
AU,AU Default,GS Approved,GS Approved,oshc_arranged_by_type,OSHC Arranged By,Select, | GHA | University | Agent | Student,eval:doc.oshc_required,0,0,0,LIVE,
AU,AU Default,GS Approved,GS Approved,gha_policy_received,Have You Received Policy,Check,,eval:doc.oshc_required && doc.oshc_arranged_by_type == 'GHA',0,0,0,LIVE,
AU,AU Default,GS Approved,GS Approved,gha_oshc_company_name,OSHC Company Name,Text,,eval:doc.oshc_required && doc.oshc_arranged_by_type == 'GHA' && doc.gha_policy_received,0,0,0,LIVE,
AU,AU Default,GS Approved,GS Approved,gha_oshc_policy_no,Policy No,Text,,eval:doc.oshc_required && doc.oshc_arranged_by_type == 'GHA' && doc.gha_policy_received,0,0,0,LIVE,
AU,AU Default,GS Approved,GS Approved,gha_oshc_upload,Upload OSHC,Attach,,eval:doc.oshc_required && doc.oshc_arranged_by_type == 'GHA' && doc.gha_policy_received,0,0,0,LIVE,
AU,AU Default,GS Approved,GS Approved,gha_policy_not_received_status,Status,Text,,eval:doc.oshc_required && doc.oshc_arranged_by_type == 'GHA' && !doc.gha_policy_received,0,1,0,LIVE,
AU,AU Default,GS Approved,GS Approved,agent_policy_received,Have You Received Policy,Check,,eval:doc.oshc_required && doc.oshc_arranged_by_type == 'Agent',0,0,0,LIVE,
AU,AU Default,GS Approved,GS Approved,agent_oshc_company_name,OSHC Company Name,Text,,eval:doc.oshc_required && doc.oshc_arranged_by_type == 'Agent' && doc.agent_policy_received,0,0,0,LIVE,
AU,AU Default,GS Approved,GS Approved,agent_oshc_policy_no,Policy No,Text,,eval:doc.oshc_required && doc.oshc_arranged_by_type == 'Agent' && doc.agent_policy_received,0,0,0,LIVE,
AU,AU Default,GS Approved,GS Approved,agent_oshc_amount,Amount,Text,,eval:doc.oshc_required && doc.oshc_arranged_by_type == 'Agent' && doc.agent_policy_received,0,0,0,LIVE,
AU,AU Default,GS Approved,GS Approved,agent_oshc_upload,Upload OSHC,Attach,,eval:doc.oshc_required && doc.oshc_arranged_by_type == 'Agent' && doc.agent_policy_received,0,0,0,LIVE,
AU,AU Default,GS Approved,GS Approved,agent_policy_not_received_status,Status,Text,,eval:doc.oshc_required && doc.oshc_arranged_by_type == 'Agent' && !doc.agent_policy_received,0,1,0,LIVE,
AU,AU Default,GS Approved,GS Approved,student_policy_received,Have You Received Policy,Check,,eval:doc.oshc_required && doc.oshc_arranged_by_type == 'Student',0,0,0,LIVE,
AU,AU Default,GS Approved,GS Approved,student_oshc_company_name,OSHC Company Name,Text,,eval:doc.oshc_required && doc.oshc_arranged_by_type == 'Student' && doc.student_policy_received,0,0,0,LIVE,
AU,AU Default,GS Approved,GS Approved,student_oshc_policy_no,Policy No,Text,,eval:doc.oshc_required && doc.oshc_arranged_by_type == 'Student' && doc.student_policy_received,0,0,0,LIVE,
AU,AU Default,GS Approved,GS Approved,student_oshc_amount,Amount,Text,,eval:doc.oshc_required && doc.oshc_arranged_by_type == 'Student' && doc.student_policy_received,0,0,0,LIVE,
AU,AU Default,GS Approved,GS Approved,student_oshc_upload,Upload OSHC,Attach,,eval:doc.oshc_required && doc.oshc_arranged_by_type == 'Student' && doc.student_policy_received,0,0,0,LIVE,
AU,AU Default,GS Approved,GS Approved,student_policy_not_received_status,Status,Text,,eval:doc.oshc_required && doc.oshc_arranged_by_type == 'Student' && !doc.student_policy_received,0,1,0,LIVE,
AU,AU Default,GS Approved,GS Approved,acceptance_submitted,Acceptance Submitted,Check,,,0,0,0,LIVE,
AU,AU Default,GS Approved,GS Approved,acceptance_submitted_status,Status,Text,,eval:doc.acceptance_submitted,0,1,0,LIVE,
AU,AU Default,GS Approved,GS Approved,acceptance_not_submitted_status,Status,Text,,eval:!doc.acceptance_submitted,0,1,0,LIVE,
AU,AU Default,Acceptance,Before COE,acceptance_before_coe_available,Before COE (This stage available),Check,,,0,0,0,LIVE,
AU,AU Default,Acceptance,Before COE,acceptance_not_available_status,Status,Text,,eval:!doc.acceptance_before_coe_available,0,1,0,LIVE,
AU,AU Default,Acceptance,Before COE,acceptance_interview_deadline,Interview Deadline,Date,,eval:doc.acceptance_before_coe_available,0,0,0,LIVE,
AU,AU Default,Acceptance,Before COE,acceptance_student_prepare,Student Prepare,Check,,eval:doc.acceptance_before_coe_available,0,0,0,LIVE,
AU,AU Default,Acceptance,Before COE,acceptance_student_prepare_yes_status,Status,Text,,eval:doc.acceptance_before_coe_available && doc.acceptance_student_prepare,0,1,0,LIVE,
AU,AU Default,Acceptance,Before COE,acceptance_student_prepare_no_status,Status,Text,,eval:doc.acceptance_before_coe_available && !doc.acceptance_student_prepare,0,1,0,LIVE,
AU,AU Default,Acceptance,Before COE,acceptance_schedule_interview,Schedule Interview,Check,,eval:doc.acceptance_before_coe_available,0,0,0,LIVE,
AU,AU Default,Acceptance,Before COE,acceptance_schedule_interview_yes_status,Status,Text,,eval:doc.acceptance_before_coe_available && doc.acceptance_schedule_interview,0,1,0,LIVE,
AU,AU Default,Acceptance,Before COE,acceptance_schedule_interview_no_status,Status,Text,,eval:doc.acceptance_before_coe_available && !doc.acceptance_schedule_interview,0,1,0,LIVE,
AU,AU Default,Acceptance,Before COE,acceptance_any_requirement,Is There Any Requirement,Check,,,0,0,0,LIVE,
AU,AU Default,Acceptance,Before COE,acceptance_no_requirement_status,Status,Text,,eval:!doc.acceptance_any_requirement,0,1,0,LIVE,
AU,AU Default,Acceptance,Before COE,acceptance_requirement_details,Requirement Details,Text,,eval:doc.acceptance_any_requirement,0,0,0,LIVE,
AU,AU Default,Acceptance,Before COE,acceptance_requirements_completed,Requirements Completed,Check,,eval:doc.acceptance_any_requirement,0,0,0,LIVE,
AU,AU Default,Acceptance,Before COE,acceptance_requirements_completed_yes_status,Status,Text,,eval:doc.acceptance_any_requirement && doc.acceptance_requirements_completed,0,1,0,LIVE,
AU,AU Default,Acceptance,Before COE,acceptance_requirements_completed_no_status,Status,Text,,eval:doc.acceptance_any_requirement && !doc.acceptance_requirements_completed,0,1,0,LIVE,
AU,AU Default,Acceptance,Before COE,acceptance_requirement_upload,Upload Supporting Documents,Attach,,eval:doc.acceptance_any_requirement && doc.acceptance_requirements_completed,0,0,0,LIVE,
AU,AU Default,COE,COE,coe_uploaded,COE Uploaded,Attach,,,0,0,0,LIVE,
AU,AU Default,COE,COE,intake_date,Intake Date,Date,,,0,0,0,LIVE,
AU,AU Default,COE,COE,medical_arranged_by,Medical Arranged By,Select, | Our Side | Agent | Student,,0,0,0,LIVE,
AU,AU Default,COE,COE,our_side_medical_scheduled,Medical Scheduled,Check,,eval:doc.medical_arranged_by == 'Our Side',0,0,0,LIVE,
AU,AU Default,COE,COE,our_side_medical_scheduled_yes_status,Status,Text,,eval:doc.medical_arranged_by == 'Our Side' && doc.our_side_medical_scheduled,0,1,0,LIVE,
AU,AU Default,COE,COE,our_side_medical_scheduled_no_status,Status,Text,,eval:doc.medical_arranged_by == 'Our Side' && !doc.our_side_medical_scheduled,0,1,0,LIVE,
AU,AU Default,COE,COE,agent_medical_upload,Medical Upload,Attach,,eval:doc.medical_arranged_by == 'Agent',0,0,0,LIVE,
AU,AU Default,COE,COE,student_medical_upload,Medical Upload,Attach,,eval:doc.medical_arranged_by == 'Student',0,0,0,LIVE,
AU,AU Default,COE,COE,form_956a_filled,956A Form Filled,Check,,,0,0,0,LIVE,
AU,AU Default,COE,COE,form_956a_filled_yes_status,Status,Text,,eval:doc.form_956a_filled,0,1,0,LIVE,
AU,AU Default,COE,COE,form_956a_filled_no_status,Status,Text,,eval:!doc.form_956a_filled,0,1,0,LIVE,
AU,AU Default,COE,COE,form_956a_upload,956A Form Upload,Attach,,eval:doc.form_956a_filled,0,0,0,LIVE,
AU,AU Default,COE,COE,visa_sop_upload,Visa SOP Upload,Attach,,,0,0,0,LIVE,
AU,AU Default,COE,COE,original_funds_upload,Original Funds Upload,Attach,,,0,0,0,LIVE,
AU,AU Default,COE,COE,financial_matrix_upload,Financial Matrix Upload,Attach,,,0,0,0,LIVE,
AU,AU Default,COE,COE,file_lodged_by,File Lodged By,Select, | Our Side | Agent | Student | Vendor,,0,0,0,LIVE,
AU,AU Default,COE,COE,our_side_login_id,Login ID,Text,,eval:doc.file_lodged_by == 'Our Side',0,0,0,LIVE,
AU,AU Default,COE,COE,our_side_login_password,Password,Text,,eval:doc.file_lodged_by == 'Our Side',0,0,0,LIVE,
AU,AU Default,COE,COE,visa_application_checked_by,Visa Application Checked By,Select, | Agent | Student,eval:doc.file_lodged_by == 'Our Side',0,0,0,LIVE,
AU,AU Default,COE,COE,visa_application_upload,Upload Visa Application,Attach,,eval:doc.file_lodged_by == 'Our Side',0,0,0,LIVE,
AU,AU Default,COE,COE,file_lodged_status,Visa File Lodged,Check,,eval:doc.file_lodged_by == 'Our Side',0,0,0,LIVE,
AU,AU Default,COE,COE,our_side_file_lodged_yes_status,Status,Text,,eval:doc.file_lodged_by == 'Our Side' && doc.file_lodged_status,0,1,0,LIVE,
AU,AU Default,COE,COE,our_side_file_lodged_no_status,Status,Text,,eval:doc.file_lodged_by == 'Our Side' && !doc.file_lodged_status,0,1,0,LIVE,
AU,AU Default,COE,COE,agent_file_lodged_status,Visa File Lodged,Check,,eval:doc.file_lodged_by == 'Agent',0,0,0,LIVE,
AU,AU Default,COE,COE,agent_file_lodged_yes_status,Status,Text,,eval:doc.file_lodged_by == 'Agent' && doc.agent_file_lodged_status,0,1,0,LIVE,
AU,AU Default,COE,COE,agent_file_lodged_no_status,Status,Text,,eval:doc.file_lodged_by == 'Agent' && !doc.agent_file_lodged_status,0,1,0,LIVE,
AU,AU Default,COE,COE,student_file_lodged_status,Visa File Lodged,Check,,eval:doc.file_lodged_by == 'Student',0,0,0,LIVE,
AU,AU Default,COE,COE,student_file_lodged_yes_status,Status,Text,,eval:doc.file_lodged_by == 'Student' && doc.student_file_lodged_status,0,1,0,LIVE,
AU,AU Default,COE,COE,student_file_lodged_no_status,Status,Text,,eval:doc.file_lodged_by == 'Student' && !doc.student_file_lodged_status,0,1,0,LIVE,
AU,AU Default,COE,COE,vendor_file_lodged_status,Visa File Lodged,Check,,eval:doc.file_lodged_by == 'Vendor',0,0,0,LIVE,
AU,AU Default,COE,COE,vendor_file_lodged_yes_status,Status,Text,,eval:doc.file_lodged_by == 'Vendor' && doc.vendor_file_lodged_status,0,1,0,LIVE,
AU,AU Default,COE,COE,vendor_file_lodged_no_status,Status,Text,,eval:doc.file_lodged_by == 'Vendor' && !doc.vendor_file_lodged_status,0,1,0,LIVE,
AU,AU Default,File Lodged,File Lodged,trn_number,TRN Number,Text,,,0,0,0,LIVE,
AU,AU Default,File Lodged,File Lodged,immi_acknowledgement_upload,IMMI Acknowledgement Upload,Attach,,,0,0,0,LIVE,
AU,AU Default,File Lodged,File Lodged,hap_id_upload,HAP ID Upload,Attach,,,0,0,0,LIVE,
AU,AU Default,File Lodged,File Lodged,visa_decision,Decision,Select, | Visa Approved | Visa Refused,,0,0,0,LIVE,
AU,AU Default,File Lodged,File Lodged,visa_status,Visa Status,Select,File Lodged | Visa Approved | Visa Refused,,0,1,0,LIVE,
AU,AU Default,File Lodged,File Lodged,visa_approved_status,Status,Text,,eval:doc.visa_decision == 'Visa Approved',0,1,0,LIVE,
AU,AU Default,File Lodged,File Lodged,visa_approved_notification_status,Notification,Text,,eval:doc.visa_decision == 'Visa Approved',0,1,0,LIVE,
AU,AU Default,File Lodged,File Lodged,visa_refused_status,Status,Text,,eval:doc.visa_decision == 'Visa Refused',0,1,0,LIVE,
AU,AU Default,Visa,Visa,visa_copy_upload,Visa Copy Upload,Attach,,,0,0,0,LIVE,
AU,AU Default,Visa,Visa,spouse_visa_upload,With spouse – visa upload,Attach,,eval:doc.martial_status == 'Married' && doc.case_4_proceed_above_1_year == 'with Spouse',0,0,0,LIVE,
AU,AU Default,Visa,Visa,student_enrolled,Student Enrolled,Check,,,0,0,0,LIVE,
AU,AU Default,Visa,Visa,student_enrolled_yes_status,Status,Text,,eval:doc.student_enrolled,0,1,0,LIVE,
AU,AU Default,Visa,Visa,student_enrolled_no_status,Status,Text,,eval:!doc.student_enrolled,0,1,0,LIVE,
AU,AU Default,Visa Refused,Visa Refused,refused_letter_upload,Upload Refused Letter,Attach,,,0,0,0,LIVE,
AU,AU Default,Visa Refused,Visa Refused,process_other_country,Want to Process in Any Other Country,Check,,,0,0,0,LIVE,
AU,AU Default,Visa Refused,Visa Refused,no_process_comments,Comments,Text,,eval:!doc.process_other_country,0,0,0,LIVE,
AU,AU Default,Visa Refused,Visa Refused,no_process_reason,Exact Reason,Text,,eval:!doc.process_other_country,0,0,0,LIVE,
AU,AU Default,Visa Refused,Visa Refused,other_country_name,Country Name,Text,,eval:doc.process_other_country,0,0,0,LIVE,
AU,AU Default,Visa Refused,Visa Refused,new_app_handling_team,Concern Handling Team,Text,,eval:doc.process_other_country,0,0,0,LIVE,
AU,AU Default,Visa Refused,Visa Refused,new_app_handling_person,Person Name,Text,,eval:doc.process_other_country,0,0,0,LIVE,
AU,AU Default,Visa Refused,Visa Refused,refund_processed_by,Refund Processed By,Select, | Our Side | Agent | Student,,0,0,0,LIVE,
AU,AU Default,Visa Refused,Visa Refused,refund_form_filled_by,Refund Form Filled By,Select, | Student | Agent,eval:doc.refund_processed_by == 'Our Side',0,0,0,LIVE,
AU,AU Default,Visa Refused,Visa Refused,refund_form_cross_checked,Refund Form Cross Checked,Check,,eval:doc.refund_processed_by == 'Our Side',0,0,0,LIVE,
AU,AU Default,Visa Refused,Visa Refused,refund_form_upload,Upload Refund Form,Attach,,eval:doc.refund_processed_by == 'Our Side',0,0,0,LIVE,
AU,AU Default,Visa Refused,Visa Refused,refund_declaration,Declaration,Text,,eval:doc.refund_processed_by == 'Our Side',0,1,0,LIVE,
AU,AU Default,Visa Refused,Visa Refused,employee_name,Employee Name,Text,,eval:doc.refund_processed_by == 'Our Side',0,0,0,LIVE,
AU,AU Default,Visa Refused,Visa Refused,employee_position,Position,Text,,eval:doc.refund_processed_by == 'Our Side',0,0,0,LIVE,
AU,AU Default,Visa Refused,Visa Refused,employee_code,Employee Code,Text,,eval:doc.refund_processed_by == 'Our Side',0,0,0,LIVE,
AU,AU Default,Visa Refused,Visa Refused,oshc_refund_form_upload,OSHC Refund Form Upload,Attach,,eval:doc.refund_processed_by == 'Our Side',0,0,0,LIVE,
AU,AU Default,Enrolled,,enrollment_documents,Enrollment Documents,Table,Enrollment Document,,0,0,0,LIVE,
AU,AU Default,On Shore College Change,On Shore College Change,student_wants_college_change,Student Wants to Change College,Select, | No | Yes,,0,0,0,LIVE,
AU,AU Default,On Shore College Change,On Shore College Change,student_no_change_status,Status,Text,,eval:doc.student_wants_college_change == 'No',0,1,0,LIVE,
AU,AU Default,On Shore College Change,On Shore College Change,from_where_change,From Where Wants to Change,Select, | Others | Ganpati House of Achievers,eval:doc.student_wants_college_change == 'Yes',0,0,0,LIVE,
AU,AU Default,On Shore College Change,On Shore College Change,others_reason,Reason,Text,,eval:doc.student_wants_college_change == 'Yes' && doc.from_where_change == 'Others',0,0,0,LIVE,
AU,AU Default,On Shore College Change,On Shore College Change,convince_times,How Many Times Convinced,Int,,eval:doc.student_wants_college_change == 'Yes' && doc.from_where_change == 'Others',0,0,0,LIVE,
AU,AU Default,On Shore College Change,On Shore College Change,close_case,Close Case,Check,,eval:doc.student_wants_college_change == 'Yes' && doc.from_where_change == 'Others',0,0,0,LIVE,
AU,AU Default,On Shore College Change,On Shore College Change,close_case_status,Status,Text,,eval:doc.student_wants_college_change == 'Yes' && doc.from_where_change == 'Others' && doc.close_case,0,1,0,LIVE,
AU,AU Default,On Shore College Change,On Shore College Change,ganpati_new_app_status,Status,Text,,eval:doc.student_wants_college_change == 'Yes' && doc.from_where_change == 'Ganpati House of Achievers',0,1,0,LIVE,
AU,AU Default,On Shore College Change,On Shore College Change,oscg_status,OSCG Status,Select, | Processing | On Offer Letter | On COE | On Enrolled,eval:doc.student_wants_college_change == 'Yes' && doc.from_where_change == 'Ganpati House of Achievers',0,0,0,LIVE,
AU,AU Default,Refund Processing,Refund Processing,tuition_fee_refund_received,Tuition Fee - Refund Received,Check,,,0,0,0,LIVE,
AU,AU Default,Refund Processing,Refund Processing,tuition_fee_refund_yes,Status,Text,,eval:doc.tuition_fee_refund_received,0,1,0,LIVE,
AU,AU Default,Refund Processing,Refund Processing,tuition_fee_refund_no,Status,Text,,eval:!doc.tuition_fee_refund_received,0,1,0,LIVE,
AU,AU Default,Refund Processing,Refund Processing,oshc_refund_received,OSHC - Refund Received,Check,,,0,0,0,LIVE,
AU,AU Default,Refund Processing,Refund Processing,oshc_refund_invoice_upload,Upload Invoice,Attach,,eval:doc.oshc_refund_received,0,0,0,LIVE,
AU,AU Default,Refund Processing,Refund Processing,oshc_refund_no,Status,Text,,eval:!doc.oshc_refund_received,0,1,0,LIVE,
AU,AU Default,Refunded,Refunded,tuition_fee_issue,Tuition Fee - Is There Any Issue in Fee Refund,Check,,,0,0,0,LIVE,
AU,AU Default,Refunded,Refunded,tuition_fee_issue_details,Issue Details,Text,,eval:doc.tuition_fee_issue,0,0,0,LIVE,
AU,AU Default,Refunded,Refunded,tuition_fee_issue_resolved,Refund Issue Resolved,Check,,eval:doc.tuition_fee_issue,0,0,0,LIVE,
AU,AU Default,Refunded,Refunded,oshc_refund_received_issue_resolved,OSHC - Refund Received,Check,,eval:doc.tuition_fee_issue && doc.tuition_fee_issue_resolved,0,0,0,LIVE,
AU,AU Default,Refunded,Refunded,oshc_no_reminder_issue_resolved,Status,Text,,eval:doc.tuition_fee_issue && doc.tuition_fee_issue_resolved && !doc.oshc_refund_received_issue_resolved,0,1,0,LIVE,
AU,AU Default,Refunded,Refunded,close_case_upload_issue_resolved,Upload Tuition Fee Refund Invoice,Attach,,eval:doc.tuition_fee_issue && doc.tuition_fee_issue_resolved && doc.oshc_refund_received_issue_resolved,0,0,0,LIVE,
AU,AU Default,Refunded,Refunded,issue_not_resolved_reminder,Status,Text,,eval:doc.tuition_fee_issue && !doc.tuition_fee_issue_resolved,0,1,0,LIVE,
AU,AU Default,Refunded,Refunded,oshc_refund_no_issue,OSHC - Refund Received,Check,,eval:!doc.tuition_fee_issue,0,0,0,LIVE,
AU,AU Default,Refunded,Refunded,oshc_no_reminder_no_issue,Status,Text,,eval:!doc.tuition_fee_issue && !doc.oshc_refund_no_issue,0,1,0,LIVE,
AU,AU Default,Refunded,Refunded,close_case_upload_no_issue,Upload Tuition Fee Refund Invoice,Attach,,eval:!doc.tuition_fee_issue && doc.oshc_refund_no_issue,0,0,0,LIVE,
SHARED,ALL,Closed,,application_closed,Application Closed,Check,,,0,0,0,LIVE,
AU,AU Default,Closed,,shop_act_additional_document,Additional Current A/C Statement/GST Cert Required,Attach,,eval:doc.occupation_documents_needed && doc.sponsor_occupation == 'Business' && doc.business_proof == 'Shop Act' && (doc.shop_act_registration_duration == 'Below 1 Year' || doc.shop_act_registration_duration == 'Below 2 Years'),1,0,0,LIVE,
AU,AU Default,Closed,,shop_act_uploaded,Shop Act Uploaded,Check,,eval:doc.occupation_documents_needed && doc.sponsor_occupation == 'Business' && doc.business_proof == 'Shop Act',0,0,0,LIVE,
